Filename,HTID,Author,Title,Year,Region,Rights,OCLC
aeu_ark+=13960=t1fj3g33b.json,aeu.ark:/13960/t1fj3g33b,Alcott Louisa May,Rose In Bloom A Sequel To Eight Cousins,1876,newengland,1,867968910
aeu_ark+=13960=t32246w31.json,aeu.ark:/13960/t32246w31,Macgrath Harold,The Lure Of The Mask,1908,northeast,9,861577512
aeu_ark+=13960=t4gm9064g.json,aeu.ark:/13960/t4gm9064g,Twain Mark,The American Claimant,1892,midwest,1,697637469
aeu_ark+=13960=t55f0435m.json,aeu.ark:/13960/t55f0435m,Glasgow Ellen,The Deliverance A Romance Of The Virginia Tobacco Fields,1904,south,9,861575704
aeu_ark+=13960=t5gb3f25s.json,aeu.ark:/13960/t5gb3f25s,Baum L. Frank,Dorothy And The Wizard In Oz,1908,northeast,9,861676630
aeu_ark+=13960=t65440k7w.json,aeu.ark:/13960/t65440k7w,Dixon Thomas,The Root Of Evil A Novel,1911,south,9,861575998
aeu_ark+=13960=t67382c6b.json,aeu.ark:/13960/t67382c6b,Churchill Winston,A Modern Chronicle,1910,newengland,9,858849593
aeu_ark+=13960=t6834f51k.json,aeu.ark:/13960/t6834f51k,Alcott Louisa May,Eight Cousins Or The Aunt-Hill,1875,newengland,1,719236591
aeu_ark+=13960=t6pz6j73s.json,aeu.ark:/13960/t6pz6j73s,Baum L. Frank,Sky Island Being The Further Exciting Adventures Of Trot And Cap'N Bill After Their Visit To The Sea Fairies,1912,northeast,9,861676631
aeu_ark+=13960=t7jq28j81.json,aeu.ark:/13960/t7jq28j81,Fox John,The Trail Of The Lonesome Pine,1908,south,9,861576999
aeu_ark+=13960=t9766t49v.json,aeu.ark:/13960/t9766t49v,Gale Zona,Miss Lulu Bett,1920,midwest,9,861674982
chi_088023985.json,chi.088023985,Brown Alice,Country Neighbors,1910,newengland,1,30520491
chi_15765549.json,chi.15765549,Jewett Sarah Orne,A Country Doctor,1884,newengland,1,2788293
chi_24080300.json,chi.24080300,Arthur T. S.,Ten Nights In A Bar-Room And What I Saw There,1854,northeast,1,1329437
chi_42116029.json,chi.42116029,Howells William Dean,A Hazard Of New Fortunes,1889,midwest,1,274467
coo_31924021764760.json,coo.31924021764760,London Jack,The Valley Of The Moon,1914,west,9,34509343
coo_31924021965268.json,coo.31924021965268,Habberton John,Helen'S Babies And Other People'S Children; A Sequel To Helen'S Babies,1877,northeast,1,14996702
coo_31924022009652.json,coo.31924022009652,Allen James Lane,A Kentucky Cardinal; A Story,1894,south,1,5701567
coo_31924022085876.json,coo.31924022085876,Churchill Winston,The Celebrity: An Episode,1897,newengland,1,7917913
coo_31924022208254.json,coo.31924022208254,Ward Elizabeth Stuart Phelps,A Singular Life,1897,newengland,1,7519654
coo_31924022236800.json,coo.31924022236800,Anderson Sherwood,Windy Mcpherson'S Son,1916,midwest,1,635768
coo_31924022357770.json,coo.31924022357770,Dixon Thomas,The Leopard'S Spots; A Romance Of The White Man'S Burden 1865-1900,1903,south,9,25481509
coo1_ark+=13960=t03x8ts47.json,coo1.ark:/13960/t03x8ts47,Twain Mark,The Gilded Age: A Tale Of To-Day,1873,midwest,1,19373517
coo1_ark+=13960=t12n5ph04.json,coo1.ark:/13960/t12n5ph04,Mitchell John Ames,The Last American: A Fragment From The Journal Of Khan-Li [Pseud.] Prince Of Dimph-Yoo-Chur And Admiral In The Persian Navy,1889,newengland,1,16707312
coo1_ark+=13960=t1pg27t4f.json,coo1.ark:/13960/t1pg27t4f,London Jack,Jerry Of The Islands,1917,west,1,775437
coo1_ark+=13960=t2891rt24.json,coo1.ark:/13960/t2891rt24,Dake Charles Romyn,A Strange Discovery,1899,northeast,1,545542
coo1_ark+=13960=t2m622n9f.json,coo1.ark:/13960/t2m622n9f,Deland Margaret Wade Campbell,Sidney,1890,northeast,1,1001764
coo1_ark+=13960=t2m622r0f.json,coo1.ark:/13960/t2m622r0f,Garland Hamlin,Main-Travelled Roads,1899,midwest,1,4318426
coo1_ark+=13960=t3708mr5j.json,coo1.ark:/13960/t3708mr5j,Burnett Frances Hodgson,The Making Of A Marchioness,1901,northeast,1,34672035
coo1_ark+=13960=t3fx7v01f.json,coo1.ark:/13960/t3fx7v01f,London Jack,Hearts Of Three,1920,west,1,1421939
coo1_ark+=13960=t3qv43d4t.json,coo1.ark:/13960/t3qv43d4t,Terhune Albert Payson,Further Adventures Of Lad,1922,northeast,1,7443640
coo1_ark+=13960=t3xs68h26.json,coo1.ark:/13960/t3xs68h26,Bangs John Kendrick,Mr. Munchausen; Being A True Account Of Some Of The Recent Adventures Beyond The Styx Of The Late Hieronymus Carl Friedrich Sometime Baron Munchausen Of Bodenwerder As Originally Reported For The Sunday Edition Of The Gehenna Gazette By Its Special Interviewer The Late Mr. Ananias Formerly Of Jerusalem And Now First Transcribed From The Columns Of The Journal By John Kendrick Bangs Embellished With Drawings By Peter Newell,1901,northeast,1,56264803
coo1_ark+=13960=t53f59r02.json,coo1.ark:/13960/t53f59r02,London Jack,The Iron Heel,1907,west,1,1434026
coo1_ark+=13960=t56d6dc0b.json,coo1.ark:/13960/t56d6dc0b,Atkinson Eleanor (Stackhouse),Greyfriars Bobby,1912,midwest,1,1327128
coo1_ark+=13960=t58d0gn3j.json,coo1.ark:/13960/t58d0gn3j,Brown Charles Brockden,Arthur Mervyn: Or Memoirs Of The Year 1793,1890,northeast,1,5632372
coo1_ark+=13960=t60584382.json,coo1.ark:/13960/t60584382,Howells William Dean,The Landlord At Lion'S Head; A Novel. Illustrated,1897,midwest,1,11487377
coo1_ark+=13960=t7br9bs9m.json,coo1.ark:/13960/t7br9bs9m,London Jack,Adventure,1911,west,1,1159748
coo1_ark+=13960=t7qn6pm7s.json,coo1.ark:/13960/t7qn6pm7s,Lewis Sinclair,The Job; An American Novel,1917,midwest,1,1024225
coo1_ark+=13960=t8z89t35j.json,coo1.ark:/13960/t8z89t35j,Twain Mark,Extracts From Adam'S Diary Translated From The Original Ms,1904,midwest,1,187966
coo1_ark+=13960=t8z89t361.json,coo1.ark:/13960/t8z89t361,Burnett Frances Hodgson,The Shuttle,1907,northeast,1,2760260
dul1_ark+=13960=t07w7319m.json,dul1.ark:/13960/t07w7319m,Russell A. P.,Sub-Coelum: A Sky-Built Human World,1893,midwest,1,1483860
dul1_ark+=13960=t0dv26z98.json,dul1.ark:/13960/t0dv26z98,Howells William Dean,A Traveler From Altruria Romance,1894,midwest,1,1042446
dul1_ark+=13960=t2f772s6g.json,dul1.ark:/13960/t2f772s6g,Jones Alice Ilgenfritz,Unveiling A Parallel: A Romance,1893,midwest,1,4350310
dul1_ark+=13960=t3kw6ns1s.json,dul1.ark:/13960/t3kw6ns1s,Melville Herman,Moby-Dick Or The Whale,1851,northeast,1,30847311
dul1_ark+=13960=t3vt2bh65.json,dul1.ark:/13960/t3vt2bh65,Parry David M.,The Scarlet Empire,1906,northeast,1,5816279
dul1_ark+=13960=t4dn4t15g.json,dul1.ark:/13960/t4dn4t15g,Dixon Thomas,Comrades A Story Of Social Adventure In California,1909,south,9,282786
dul1_ark+=13960=t4xh09588.json,dul1.ark:/13960/t4xh09588,Lloyd John Uri,Etidorhpa; Or The End Of Earth. The Strange History Of A Mysterious Being And The Account Of A Remarkable Journey As Communicated In Manuscript To Llewellyn Drury Who Promised To Print The Same But Finally Evaded The Responsibility Which Was Assumed,1895,midwest,9,1344196
dul1_ark+=13960=t6tx9q74c.json,dul1.ark:/13960/t6tx9q74c,Kennedy John Pendleton,Horse Shoe Robinson: A Tale Of The Tory Ascendency,1853,south,1,2760216
dul1_ark+=13960=t6ww8cj1q.json,dul1.ark:/13960/t6ww8cj1q,Brown Charles Brockden,Edgar Huntly; Or Memoirs Of A Sleep-Walker,1799,northeast,1,3888814
dul1_ark+=13960=t77s8p39t.json,dul1.ark:/13960/t77s8p39t,Brackenridge H. H.,Modern Chivalry: Containing The Adventures Of A Captain And Teague O'Reagan His Servant,1804,northeast,1,7509495
dul1_ark+=13960=t7dr43s8z.json,dul1.ark:/13960/t7dr43s8z,Dreiser Theodore,Sister Carrie,1900,midwest,1,3173938
dul1_ark+=13960=t7dr43s9f.json,dul1.ark:/13960/t7dr43s9f,Twain Mark,Adventures Of Huckleberry Finn: (Tom Sawyer'S Comrade),1884,midwest,1,6010580
dul1_ark+=13960=t7kp90d15.json,dul1.ark:/13960/t7kp90d15,Brown Charles Brockden,Clara Howard; In A Series Of Letters,1801,northeast,1,11639041
dul1_ark+=13960=t7sn3sd4c.json,dul1.ark:/13960/t7sn3sd4c,Southworth Emma Dorothy Eliza Nevitte,The Hidden Hand; Or Capitola The Mad-Cap,1888,south,1,10334921
dul1_ark+=13960=t8ff42f2n.json,dul1.ark:/13960/t8ff42f2n,Astor John Jacob,A Journey In Other Worlds. A Romance Of The Future,1894,northeast,1,168553
dul1_ark+=13960=t9863689c.json,dul1.ark:/13960/t9863689c,Howells William Dean,Through The Eye Of The Needle,1907,midwest,9,733993
gri_ark+=13960=t9870bk2w.json,gri.ark:/13960/t9870bk2w,Wharton Edith,The Custom Of The Country,1913,northeast,1,290788
hvd_32044004433538.json,hvd.32044004433538,Anderson Sherwood,Winesburg Ohio: A Group Of Tales Of Ohio Small Town Life,1919,midwest,1,607825
hvd_32044004563219.json,hvd.32044004563219,Dixon Thomas,The Clansman: An Historical Romance Of The Ku Klux Klan,1905,south,1,9463484
hvd_32044009613241.json,hvd.32044009613241,London Jack,The Kempton-Wace Letters,1903,west,9,6321303
hvd_32044009616483.json,hvd.32044009616483,Cooper James Fenimore,The Crater; Or Vulcan'S Peak. A Tale Of The Pacific,1852,northeast,1,236073684
hvd_32044009683624.json,hvd.32044009683624,London Jack,The Mutiny Of The Elsinore,1914,west,1,3944889
hvd_32044009793092.json,hvd.32044009793092,Rice Alice Caldwell Hegan,Sandy,1905,south,1,286012
hvd_32044009873605.json,hvd.32044009873605,Baum L. Frank,The Marvelous Land Of Oz: Being An Account Of The Further Adventures Of The Scarecrow And Tim Woodman ... A Sequel To The Wizard Of Oz,1904,northeast,1,1336730
hvd_32044009873621.json,hvd.32044009873621,Baum L. Frank,Dot And Tot Of Merryland,1901,northeast,1,6319018
hvd_32044010476844.json,hvd.32044010476844,Baum L. Frank,The Lost Princess Of Oz,1917,northeast,1,13922750
hvd_32044010476851.json,hvd.32044010476851,Baum L. Frank,Glinda Of Oz: In Which Are Related The Exciting Experiences Of Princess Ozma Of Oz And Dorothy In Their Hazardous Journey To The Home Of The Flatheads And To The Magic Isle Of The Skeezers And How They Were Rescued From Dire Peril,1920,northeast,1,5764581
hvd_32044011390291.json,hvd.32044011390291,Foster Mrs. Hannah (Webster),The Boarding School; Or Lessons Of A Preceptress To Her Pupils; Consisting Of Information Instruction And Advice Calculated To Improve The Manners And Form The Character Of Young Ladies.  To Which Is Added A Collection Of Letters Written By The Pupils To Their Instructress Their Friends And Each Other. By A Lady Of Massachusetts; Author Of  The Coquette 1829,1829,newengland,1,6173872
hvd_32044011420494.json,hvd.32044011420494,Melville Herman,Pierre Or The Ambiguities,1852,northeast,1,12230558
hvd_32044011656378.json,hvd.32044011656378,London Jack,The Scarlet Plague,1915,west,1,1161842
hvd_32044011795861.json,hvd.32044011795861,Baum L. Frank,The Tin Woodman Of Oz: A Faithful Story Of The Astonishing Adventure Undertaken By The Tin Woodman Assisted By Woot The Wanderer The Scarecrow Of Oz And Polychrome The Rainbow'S Daughter,1918,northeast,1,1627745
hvd_32044011863370.json,hvd.32044011863370,Baum L. Frank,The Royal Book Of Oz: In Which The Scarecrow Goes To Search For His Family Tree And Discovers That He Is The Long Lost Emperor Of The Silver Island And How He Was Rescued And Brought Back To Oz By Dorothy And The Cowardly Lion,1921,northeast,1,1359869
hvd_32044011878808.json,hvd.32044011878808,Baum L. Frank,The Scarecrow Of Oz,1915,northeast,1,2715371
hvd_32044012480505.json,hvd.32044012480505,Alcott Louisa May,Little Women: Or Meg Jo Beth And Amy,1900,newengland,1,5.34E+13
hvd_32044012984605.json,hvd.32044012984605,Frederic Harold,The Damnation Of Theron Ware,1896,northeast,1,10621487
hvd_32044014077663.json,hvd.32044014077663,Bellamy Edward,Equality,1897,newengland,1,266053
hvd_32044014216626.json,hvd.32044014216626,Fern Fanny,Ruth Hall: A Domestic Tale Of The Present Time,1855,newengland,1,7388433
hvd_32044014551147.json,hvd.32044014551147,Morris Kenneth,The Fates Of The Princes Of Dyfed,1914,west,1,5359736
hvd_32044015559610.json,hvd.32044015559610,Eastman Mary H.,Aunt Phillis'S Cabin; Or Southern Life As It Is,1852,south,1,2510423
hvd_32044018081075.json,hvd.32044018081075,Noguchi Yoni,The American Diary Of A Japanese Girl,1902,west,1,1.57E+23
hvd_32044019283753.json,hvd.32044019283753,London Jack,A Daughter Of The Snows,1902,west,1,3652898
hvd_32044019412584.json,hvd.32044019412584,Baum L. Frank,The Master Key: An Electrical Fairy Tale Founded Upon The Mysteries Of Electricity And The Optimism Of Its Devotees. It Was Written For Boys But Others May Read It,1901,northeast,1,5734996
hvd_32044019675677.json,hvd.32044019675677,Bird Robert Montgomery,Sheppard Lee. Written,1836,northeast,1,6.84E+14
hvd_32044019983691.json,hvd.32044019983691,Dodge Mary Mapes,Hans Brinker Or The Silver Skates; A Story Of Life In Holland,1886,northeast,1,236095653
hvd_32044020006607.json,hvd.32044020006607,Cooper James Fenimore,Autobiography Of A Pocket-Handkerchief,1897,northeast,1,3083546
hvd_32044021015177.json,hvd.32044021015177,Page Thomas Nelson,John Marvel Assistant,1909,south,1,273542
hvd_32044021070131.json,hvd.32044021070131,Seemì_Ller Anne Moncure (Crane),Emily Chester. A Novel,1864,south,1,1289124
hvd_32044025018557.json,hvd.32044025018557,Wharton Edith,The Glimpses Of The Moon,1922,northeast,1,5594117
hvd_32044025695156.json,hvd.32044025695156,Twain Mark,The Mysterious Stranger: A Romance,1916,midwest,9,675739
hvd_32044036969319.json,hvd.32044036969319,Gale Zona,Friendship Village,1908,midwest,1,2.84E+13
hvd_32044037304656.json,hvd.32044037304656,Peck Bradford,The World A Department Store; A Story Of Life Under A CoöPerative System,1900,newengland,9,1805774
hvd_32044058146192.json,hvd.32044058146192,Baum L. Frank,The Flying Girl And Her Chum,1912,northeast,1,15295962
hvd_32044080896400.json,hvd.32044080896400,Bangs John Kendrick,Emblemland,1902,northeast,1,4870945
hvd_32044080896988.json,hvd.32044080896988,Baum L. Frank,Aunt Jane'S Nieces At Millville,1908,northeast,1,2175048
hvd_32044080896996.json,hvd.32044080896996,Baum L. Frank,Aunt Jane'S Nieces In Society,1910,northeast,1,18977454
hvd_32044080897028.json,hvd.32044080897028,Baum L. Frank,The Fate Of A Crown,1905,northeast,1,236083851
hvd_32044080901838.json,hvd.32044080901838,Cooke Rose Terry,Steadfast: The Story Of A Saint And A Sinner,1889,newengland,1,657200
hvd_32044080901960.json,hvd.32044080901960,Cooper James Fenimore,Afloat And Ashore; A Sea Tale,1852,northeast,1,236073672
hvd_32044080902414.json,hvd.32044080902414,Cooper James Fenimore,The Pilot: A Tale Of The Sea,1824,northeast,1,2707553
hvd_32044080923592.json,hvd.32044080923592,Pyle Howard,Men Of Iron,1891,south,1,8068075
hvd_32044086958311.json,hvd.32044086958311,Cabell James Branch,The Cream Of The Jest: A Comedy Of Evasions,1917,south,1,7003056
hvd_32044087376166.json,hvd.32044087376166,Gilman Charlotte Perkins,Moving The Mountain,1911,newengland,1,3746147
hvd_32044097042204.json,hvd.32044097042204,Emerson Ralph Waldo,The American Scholar; Self-Reliance; Compensation,1893,newengland,1,184278
hvd_32044107258493.json,hvd.32044107258493,Thaxter Celia,An Island Garden,1894,newengland,1,1003761
hvd_hn1cv6.json,hvd.hn1cv6,Deland Margaret Wade Campbell,Philip And His Wife,1894,northeast,1,14093418
hvd_hn1e8g.json,hvd.hn1e8g,Sawyer Ruth,The Primrose Ring,1915,northeast,1,5204476
hvd_hn1ees.json,hvd.hn1ees,Mitchell S. Weir,Hugh Wynne Free Quaker Sometime Brevet Lieutenant-Colonel On The Staff Of His Excellency General Washington;,1900,northeast,1,1744052
hvd_hn1mvs.json,hvd.hn1mvs,Beach Rex,The Spoilers,1906,midwest,1,279629
hvd_hn1nqg.json,hvd.hn1nqg,Dixon Thomas,The Traitor: A Story Of The Fall Of The Invisible Empire,1907,south,1,2300323
hvd_hn1rx2.json,hvd.hn1rx2,Churchill Winston,The Dwelling-Place Of Light,1917,newengland,1,5512483
hvd_hn1t8d.json,hvd.hn1t8d,Gunter Archibald Clavering,Mr. Barnes Of New York: A Novel,1887,northeast,9,2384676
hvd_hn1td4.json,hvd.hn1td4,Stuart Ruth Mcenery,Sonny A Christmas Guest,1896,south,1,4317514
hvd_hn22pw.json,hvd.hn22pw,Van Dyne Edith,Aunt Jane'S Nieces Out West,1914,northeast,1,2029656
hvd_hn22px.json,hvd.hn22px,Baum L. Frank,Aunt Jane'S Nieces Abroad,1906,northeast,1,10810170
hvd_hn22py.json,hvd.hn22py,Van Dyne Edith,Aunt Jane'S Nieces On Vacation,1912,northeast,1,2.03E+14
hvd_hn26wk.json,hvd.hn26wk,Frederic Harold,The Market-Place,1899,northeast,1,1619834
hvd_hn2b9j.json,hvd.hn2b9j,Cooper James Fenimore,The Bravo; A Tale,1836,northeast,1,236073675
hvd_hn2bmh.json,hvd.hn2bmh,Cooper James Fenimore,The Pathfinder Or The Inland Sea,1851,northeast,1,84027012
hvd_hn2yis.json,hvd.hn2yis,Baum L. Frank,Rinkitink In Oz,1916,northeast,1,12234414
hvd_hn35p2.json,hvd.hn35p2,Dunbar-Nelson Alice Moore,The Goodness Of St. Rocque And Other Stories,1899,south,1,1198147
hvd_hn3a96.json,hvd.hn3a96,Baum L. Frank,The Life And Adventures Of Santa Claus,1902,northeast,1,3343074
hvd_hn3gjn.json,hvd.hn3gjn,Stratton-Porter Gene,Michael O'Halloran,1915,midwest,1,1278556
hvd_hn3l1p.json,hvd.hn3l1p,Hawthorne Nathaniel,The Marble Faun Or The Romance Of Monte Beni,1871,newengland,1,57322334
hvd_hn5f8r.json,hvd.hn5f8r,Otis James,Toby Tyler: Or Ten Weeks With A Circus,1881,newengland,1,10481619
hvd_hn5lff.json,hvd.hn5lff,Johnston Mary,To Have And To Hold,1900,south,1,169843
hvd_hn5n3i.json,hvd.hn5n3i,Mccutcheon George Barr,Jane Cable,1906,midwest,1,289262
hvd_hn5n8q.json,hvd.hn5n8q,Lane Jeremy,Yellow Men Sleep,1919,midwest,1,18384843
hvd_hn667h.json,hvd.hn667h,Stowe Harriet Beecher,Oldtown Folks,1869,newengland,1,8311313
hvd_hn6d2e.json,hvd.hn6d2e,Ward Elizabeth Stuart Phelps,The Gates Ajar,1869,newengland,1,236369037
hvd_hn8gd8.json,hvd.hn8gd8,Robinson Rowland Evans,Uncle Lisha'S Shop. Life In A Corner Of Yankeeland,1887,newengland,1,8036754
hvd_hn8gdy.json,hvd.hn8gdy,Robinson Rowland Evans,Danvis Folks,1894,newengland,1,2230561
hvd_hn8gfg.json,hvd.hn8gfg,Rinehart Mary Roberts,The Circular Staircase,1908,northeast,1,1265767
hvd_hn9fu9.json,hvd.hn9fu9,Cable George Washington,The Negro Question,1890,south,1,5700716
hvd_hnijrg.json,hvd.hnijrg,Macgrath Harold,The Adventures Of Kathlyn,1914,northeast,1,1258957
hvd_hnl32i.json,hvd.hnl32i,Stephens C. A.,"Left On Labrador: Or The Cruise Of The Schooner-Yacht ""Curlew""",1872,newengland,1,4126376
hvd_hnqjjg.json,hvd.hnqjjg,London Jack,The Cruise Of The Dazzler,1902,west,1,5087833
hvd_hnqp85.json,hvd.hnqp85,Freeman Mary Eleanor Wilkins,The Jamesons,1899,newengland,9,996512
hvd_hw3jdp.json,hvd.hw3jdp,Cooper James Fenimore,Satanstoe; Or The Littlepage Manuscripts,1845,northeast,1,2.73E+12
hvd_hwjsf5.json,hvd.hwjsf5,Cooper James Fenimore,The Heidenmauer; Or The Benedictines. A Legend Of The Rhine,1832,northeast,1,1319743
hvd_hwnzqu.json,hvd.hwnzqu,Phelps E. Stuart,Gypsy Breynton,1876,newengland,1,2132663
hvd_hwpa2w.json,hvd.hwpa2w,Van Dyke Henry,The Story Of The Other Wise Man,1895,northeast,1,3786343
hvd_hwqtxk.json,hvd.hwqtxk,J. G. Esq,White Acre Vs. Black Acre: A Case At Law,1856,south,1,13521571
hvd_hwqu7a.json,hvd.hwqu7a,Crawford F. Marion,Khaled A Tale Of Arabia,1891,newengland,1,943253
hvd_hwqusn.json,hvd.hwqusn,Anderson Sherwood,Marching Men,1917,midwest,1,908949
hvd_hwsqjf.json,hvd.hwsqjf,Van Dyne Edith,Aunt Jane'S Nieces And Uncle John,1911,northeast,1,2029574
hvd_hwxgiy.json,hvd.hwxgiy,Baum L. Frank,The Enchanted Island Of Yew: Whereon Prince Marvel Encountered The High Ki Of Twi And Other Surprising People,1903,northeast,9,1336846
hvd_hwxhsz.json,hvd.hwxhsz,Baum L. Frank,The Sea Fairies,1911,northeast,1,9713223
hvd_hwxnr9.json,hvd.hwxnr9,Howe E. W.,The Story Of A Country Town,1883,midwest,1,1657094
hvd_hwxpqw.json,hvd.hwxpqw,Twain Mark,A Tramp Abroad,1880,midwest,9,4572460
hvd_hx2fzz.json,hvd.hx2fzz,Churchill Winston,The Inside Of The Cup,1913,newengland,1,1700553
hvd_hx4xlv.json,hvd.hx4xlv,Winthrop Theodore,The Canoe And The Saddle,1862,newengland,1,235957670
hvd_hxdgyi.json,hvd.hxdgyi,Van Dyne Edith,Aunt Jane'S Nieces On The Ranch,1913,northeast,1,2.23E+14
hvd_hxdikq.json,hvd.hxdikq,Bacheller Irving,Eben Holden A Tale Of The North Country,1900,northeast,1,1636423
hvd_hxdlmk.json,hvd.hxdlmk,Curwood James Oliver,The Grizzly King; A Romance Of The Wild,1916,midwest,1,3867288
hvd_hxqc5z.json,hvd.hxqc5z,Kennedy John Pendleton,Swallow Barn; Or A Sojourn In The Old Dominion. With Twenty Illus,1852,south,1,849073
hvd_rsl1cm.json,hvd.rsl1cm,Hay John,The Bread-Winners: A Social Study,1883,midwest,1,1042043
hvd_rsl27c.json,hvd.rsl27c,Southworth Emma Dorothy Eliza Nevitte,Ishmael: Or In The Depths,1884,south,1,3812896
hvd_rslgf1.json,hvd.rslgf1,Longfellow Henry Wadsworth,Kavanagh A Tale,1849,newengland,1,424174
iau_31858021656008.json,iau.31858021656008,Jewett Sarah Orne,A White Heron And Other Stories,1887,newengland,1,10537873
inu_30000007073442.json,inu.30000007073442,London Jack,Martin Eden,1909,west,1,29659806
inu_30000111848119.json,inu.30000111848119,Brown Charles Brockden,Wieland; Or The Transformation,1827,northeast,1,5396569
inu_30000114424744.json,inu.30000114424744,Mccutcheon George Barr,Brewster'S Millions,1902,midwest,1,288834
inu_32000004061893.json,inu.32000004061893,Williams William Carlos,The Great American Novel,1923,northeast,9,798911
inu_32000011573245.json,inu.32000011573245,Stratton-Porter Gene,Freckles,1904,midwest,1,10743748
loc_ark+=13960=t01z50j6q.json,loc.ark:/13960/t01z50j6q,Riley James Whitcomb,Little Orphan Annie,1908,midwest,1,5222739
loc_ark+=13960=t0gt63t4m.json,loc.ark:/13960/t0gt63t4m,Jefferson Joseph,Rip Van Winkle As Played,1895,northeast,1,
loc_ark+=13960=t2c82vm53.json,loc.ark:/13960/t2c82vm53,Garland Hamlin,Crumbling Idols;,1894,midwest,1,
loc_ark+=13960=t2p56542c.json,loc.ark:/13960/t2p56542c,Whitman Walt,Leaves Of Grass,1897,northeast,1,
loc_ark+=13960=t50g48j5d.json,loc.ark:/13960/t50g48j5d,Cooper James Fenimore,The Headsman:,1836,northeast,1,
loc_ark+=13960=t7hq4sr3z.json,loc.ark:/13960/t7hq4sr3z,Riley James Whitcomb,The Raggedy Man,1907,midwest,9,3944463
loc_ark+=13960=t8tb1zp0t.json,loc.ark:/13960/t8tb1zp0t,Bangs John Kendrick,Alice In Blunderland An Iridescent Dream,1907,northeast,1,3057636
loc_ark+=13960=t9280gf1r.json,loc.ark:/13960/t9280gf1r,Thaxter Celia,Among The Isles Of Shoals,1873,newengland,1,
loc_ark+=13960=t9572012d.json,loc.ark:/13960/t9572012d,Waterloo Stanley,The Story Of Ab; A Tale Of The Time Of The Cave Man,1897,midwest,1,2127260
loc_ark+=13960=t9v12mp30.json,loc.ark:/13960/t9v12mp30,Thoreau Henry David,Walden,1882,newengland,1,
mdp_39015000252448.json,mdp.39015000252448,Toomer Jean,Cane. With A Foreword,1923,south,1,168697
mdp_39015000605298.json,mdp.39015000605298,Rand Ayn,Anthem,1953,northeast,1,288344
mdp_39015000621972.json,mdp.39015000621972,Griffith Mary,Three Hundred Years Hence; With Introd. And Notes,1950,northeast,1,3253783
mdp_39015000640303.json,mdp.39015000640303,Garland Hamlin,Jason Edwards An Average Man,1892,midwest,1,1653743
mdp_39015002311556.json,mdp.39015002311556,Burnett Frances Hodgson,The Secret Garden,1911,northeast,1,1289609
mdp_39015003928853.json,mdp.39015003928853,Gernsback Hugo,Ralph 124C 41+; A Romance Of The Year 2660. Forewords,1950,northeast,1,1138865
mdp_39015005473304.json,mdp.39015005473304,Twain Mark,The Adventures Of Tom Sawyer,1876,midwest,1,4553926
mdp_39015005603967.json,mdp.39015005603967,Brooks Byron Alden,Earth Revisited,1893,northeast,1,6414549
mdp_39015005711273.json,mdp.39015005711273,Burnett Frances Hodgson,The Lost Prince,1915,northeast,1,16533034
mdp_39015006572849.json,mdp.39015006572849,Howells William Dean,The Whole Family: A Novel,1908,midwest,1,2980384
mdp_39015008171327.json,mdp.39015008171327,Lewis Sinclair,The Trail Of The Hawk; A Comedy Of The Seriousness Of Life,1915,midwest,9,1422001
mdp_39015008260450.json,mdp.39015008260450,King Grace Elizabeth,Creole Families Of New Orleans,1921,south,1,713223
mdp_39015008499926.json,mdp.39015008499926,Adams Henry,Democracy: An American Novel,1883,newengland,1,17968991
mdp_39015008784962.json,mdp.39015008784962,Richards Anna M.,A New Alice In The Old Wonderland,1895,northeast,1,4.87E+12
mdp_39015009219281.json,mdp.39015009219281,Bird Robert Montgomery,Nick Of The Woods; Or The Jibbenainosay; A Tale Of Kentucky,1853,northeast,1,5046579
mdp_39015011014738.json,mdp.39015011014738,Cummings E. E.,The Enormous Room,1927,newengland,1,24494820
mdp_39015011683219.json,mdp.39015011683219,Twain Mark,Personal Recollections Of Joan Of Arc,1899,midwest,9,5762422
mdp_39015012122308.json,mdp.39015012122308,Dreiser Theodore,The Financier,1912,midwest,1,2976677
mdp_39015012328574.json,mdp.39015012328574,Burnett Frances Hodgson,A Little Princess; Being The Whole Story Of Sara Crewe Now Told For The First Time,1905,northeast,1,3583161
mdp_39015012351097.json,mdp.39015012351097,Webster Jean I.E. Alice Jean,Dear Enemy,1915,northeast,1,491292
mdp_39015012372374.json,mdp.39015012372374,Deland Margaret Wade Campbell,The Awakening Of Helena Richie ...,1906,northeast,1,607149
mdp_39015012982347.json,mdp.39015012982347,Mercer A. S.,"The Banditti Of The Plains; Or The Cattlemen'S Invasion Of Wyoming In 1892--""The Crowning Infamy Of The Ages."" New Foreword",1935,west,1,62360569
mdp_39015013017218.json,mdp.39015013017218,Wilson Margaret,The Able Mclaughlins,1923,midwest,1,318376
mdp_39015013395200.json,mdp.39015013395200,Cabell James Branch,Figures Of Earth; A Comedy Of Appearances,1921,south,1,8595168
mdp_39015014204781.json,mdp.39015014204781,Howells William Dean,An Imperative Duty: A Novel,1891,midwest,1,647526
mdp_39015016414883.json,mdp.39015016414883,Melville Herman,Typee; Or A Narrative Of A Four Month'S Residence Among The Natives Of A Valley Of The Marquesas Islands; Or A Peep At Polynesian Life,1847,northeast,1,62605159
mdp_39015016768288.json,mdp.39015016768288,Chopin Kate,Bayou Folk,1894,midwest,1,7311970
mdp_39015016794524.json,mdp.39015016794524,Fuller Henry Blake,Bertram Cope'S Year A Novel,1919,midwest,1,612704
mdp_39015017673990.json,mdp.39015017673990,London Jack,Michael Brother Of Jerry,1917,west,9,587955
mdp_39015018334048.json,mdp.39015018334048,Harris Joel Chandler,Uncle Remus His Songs And His Sayings;: The Folk-Lore Of The Old Plantation,1880,south,1,26867591
mdp_39015019188047.json,mdp.39015019188047,Prime-Stevenson Edward,Imre: A Memorandum,1975,northeast,9,1527477
mdp_39015020107242.json,mdp.39015020107242,Sheldon Charles Monroe,"In His Steps; ""What Would Jesus Do?""",1898,northeast,1,9024306
mdp_39015024079637.json,mdp.39015024079637,Austin Mary Hunter,The Basket Woman A Book Of Fanciful Tales For Children,1904,west,1,2555698
mdp_39015027550808.json,mdp.39015027550808,Burgess Thornton W.,The Adventures Of Paddy The Beaver,1917,newengland,1,10846053
mdp_39015030542347.json,mdp.39015030542347,Green Anna Katharine,"Marked ""Personal""",1893,northeast,1,7449134
mdp_39015030711025.json,mdp.39015030711025,Reed Myrtle,Lavender And Old Lace,1902,midwest,1,2052561
mdp_39015030719150.json,mdp.39015030719150,Wharton Edith,The Touchstone,1900,northeast,1,297310
mdp_39015030736238.json,mdp.39015030736238,Cable George Washington,Madame Delphine,1881,south,1,272685
mdp_39015030915485.json,mdp.39015030915485,Murfree Mary Noailles,The Frontiersmen,1904,south,1,2686154
mdp_39015034265077.json,mdp.39015034265077,Burnett Frances Hodgson,Little Lord Fauntleroy,1887,northeast,1,38764285
mdp_39015035309460.json,mdp.39015035309460,Stein Gertrude,Paris France,1940,west,1,5225316
mdp_39015035315129.json,mdp.39015035315129,Wharton Edith,The Age Of Innocence,1920,northeast,1,891210
mdp_39015035366403.json,mdp.39015035366403,Buck Pearl S.,The Mother,1934,south,1,981768
mdp_39015035505349.json,mdp.39015035505349,Baum L. Frank,Ozma Of Oz,1907,northeast,1,9229842
mdp_39015050991135.json,mdp.39015050991135,Hough Emerson,The Mississippi Bubble,1902,midwest,1,6953674
mdp_39015053140656.json,mdp.39015053140656,London Jack,The Game,1905,west,1,4731772
mdp_39015054090355.json,mdp.39015054090355,Lewis Sinclair,Main Street,1920,midwest,1,1922605
mdp_39015059371784.json,mdp.39015059371784,Riley James Whitcomb,Rhymes Of Childhood,1892,midwest,1,33020545
mdp_39015059719248.json,mdp.39015059719248,Hergesheimer Joseph,Linda Condon,1919,northeast,1,242478
mdp_39015059788557.json,mdp.39015059788557,Taylor Phoebe Atwood,The Cape Cod Mystery,1931,newengland,1,1517839
mdp_39015063545365.json,mdp.39015063545365,Cooper James Fenimore,The Pioneers; Or The Sources Of The Susquehanna. A Descriptive Tale,1880,northeast,1,21281001
mdp_39015063740164.json,mdp.39015063740164,Allen James Lane,The Choir Invisible,1897,south,9,544175
mdp_39015063759784.json,mdp.39015063759784,Tarkington Booth,Alice Adams,1921,midwest,1,2096412
mdp_39015063927910.json,mdp.39015063927910,Runkle Bertha,The Helmet Of Navarre; Illustrations,1901,northeast,1,3661560
mdp_39015063944303.json,mdp.39015063944303,Mundy Talbot,Hira Singh,1918,northeast,1,2705139
mdp_39015063945276.json,mdp.39015063945276,Meigs Cornelia,The Windy Hill,1921,midwest,1,8743401
mdp_39015063945425.json,mdp.39015063945425,Meigs Cornelia,Clearing Weather,1928,midwest,1,9434397
mdp_39015063947629.json,mdp.39015063947629,Paulding James Kirke,"The Dutchman'S Fireside. A Tale. By The Author Of ""Letters From The South.""",1837,northeast,1,7295120
mdp_39015063948627.json,mdp.39015063948627,Reed Myrtle,Old Rose And Silver,1909,midwest,1,7472339
mdp_39015065528930.json,mdp.39015065528930,Alcott Louisa May,"Jo'S Boys: And How They Turned Out. A Sequel To ""Little Men""",1886,newengland,1,302965
mdp_39015065779426.json,mdp.39015065779426,Tarkington Booth,Monsieur Beaucaire,1900,midwest,1,175004
mdp_39015065985627.json,mdp.39015065985627,London Jack,Burning Daylight,1910,west,1,288552
mdp_39015066034508.json,mdp.39015066034508,Dunbar Paul Laurence,The Sport Of The Gods,1902,midwest,1,728951
mdp_39015066053193.json,mdp.39015066053193,Anderson Sherwood,Many Marriages,1923,midwest,1,1135265
mdp_39015066056790.json,mdp.39015066056790,Melville Herman,Mardi And A Voyage Thither,1923,northeast,1,1197996
mdp_39015066058895.json,mdp.39015066058895,London Jack,The Little Lady Of The Big House,1916,west,1,2545227
mdp_39015066065213.json,mdp.39015066065213,Wallace Lew,Ben Hur: A Tale Of The Christ,1880,midwest,1,2555523
mdp_39015082528186.json,mdp.39015082528186,Baum L. Frank,Queen Zixi Of Ix Or The Story Of The Magic Cloak,1905,northeast,1,1336819
mdp_39015089250479.json,mdp.39015089250479,Twain Mark,The Prince And The Pauper: A Tale For Young People Of All Ages,1881,midwest,1,5911724
mdp_39076002266109.json,mdp.39076002266109,Moore Anne Carroll,Nicholas: A Manhatton Christmas Story;,1924,newengland,2,509550
mdp_39076002287394.json,mdp.39076002287394,Marshall Bernard Gay,Cedric The Forester,1921,newengland,1,5369651
mdp_39076002619505.json,mdp.39076002619505,Hewes Agnes Danforth,Spice And The Devil'S Cave,1930,northeast,1,654273
mdp_49015000530817.json,mdp.49015000530817,Howells William Dean,Dr. Breen'S Practice A Novel,1881,midwest,1,3547320
mdp_49015000530924.json,mdp.49015000530924,Howells William Dean,The Lady Of The Aroostook,1879,midwest,1,761119
mdp_49015000550633.json,mdp.49015000550633,Tarkington Booth,Seventeen,1916,midwest,1,2067847
mdp_49015000668443.json,mdp.49015000668443,Curwood James Oliver,Baree: Son Of Kazan,1917,midwest,1,1709632
mdp_49015001017970.json,mdp.49015001017970,Stein Gertrude,Three Lives,1936,west,1,422352
miun_aan6033_0001_001.json,miun.aan6033.0001.001,Taylor Bayard,Joseph And His Friend: A Story Of Pennsylvania,1870,northeast,1,1345253
miun_aan6165_0001_001.json,miun.aan6165.0001.001,Alcott Louisa May,Work: A Story Of Experience,1873,newengland,1,13630139
miun_aan7754_0001_001.json,miun.aan7754.0001.001,Cooper James Fenimore,The Deerslayer: Or The First War-Path. A Tale,1854,northeast,1,702617014
miun_aax2249_0001_001.json,miun.aax2249.0001.001,Rush Caroline E.,The North And South: Or Slavery And Its Contrasts. A Tale Of Real Life,1852,northeast,1,3731745
miun_abb0914_0001_001.json,miun.abb0914.0001.001,Hale Sarah Josepha Buell,Liberia: Or Mr. Peyton'S Experiments,1853,newengland,1,5222416
miun_abf2812_0001_001.json,miun.abf2812.0001.001,Criswell Robert,Uncle Tom'S Cabin Contrasted With Buckingham Hall The Planter'S Home: Or A Fair View Of Both Sides Of The Slavery Question,1852,northeast,1,5902437
miun_abt6782_0001_001.json,miun.abt6782.0001.001,Jacobs Harriet A.,Incidents In The Life Of A Slave Girl. Written,1861,south,1,50847561
miun_abx8882_0001_001.json,miun.abx8882.0001.001,Hay John,Pike County Ballads And Other Pieces,1871,midwest,1,227385387
miun_acm5949_0001_001.json,miun.acm5949.0001.001,Brown Charles Brockden,Wieland; Or The Transformation Together With Memoirs Of Carwin The Biloquist A Fragment,1926,northeast,1,272254
miun_aea7901_0001_001.json,miun.aea7901.0001.001,Cary Alice,The Poems Of Alice And Phoebe Cary,1850,midwest,1,560137
miun_afw5183_0001_001.json,miun.afw5183.0001.001,Eggleston Edward,The End Of The World. A Love Story. With Thirty-Two Illustrations,1872,midwest,1,
msu_31293105046761.json,msu.31293105046761,Johnson Owen,Stover At Yale,1912,newengland,1,7868400
nc01_ark+=13960=t08w4fr9b.json,nc01.ark:/13960/t08w4fr9b,Alcott Louisa May,Under The Lilacs,1878,newengland,1,297018
nc01_ark+=13960=t09w1fx2c.json,nc01.ark:/13960/t09w1fx2c,Alcott Louisa May,Little Men: Life At Plumfield With Jo'S Boys,1871,newengland,1,634069
nc01_ark+=13960=t1mg8tc68.json,nc01.ark:/13960/t1mg8tc68,Evans Augusta J.,St. Elmo: A Novel,1867,south,1,1699587
nc01_ark+=13960=t3418369h.json,nc01.ark:/13960/t3418369h,Chopin Kate,The Awakening,1899,midwest,9,1420631
nc01_ark+=13960=t3613s25s.json,nc01.ark:/13960/t3613s25s,Frederic Harold,In The Valley: A Novel,1891,northeast,9,5238089
nc01_ark+=13960=t3mw2v80v.json,nc01.ark:/13960/t3mw2v80v,De Forest John William,Miss Ravenel'S Conversion From Secession To Loyalty,1867,newengland,1,1634478
nc01_ark+=13960=t3st8380w.json,nc01.ark:/13960/t3st8380w,Boyd Thomas,Through The Wheat,1923,midwest,9,951438
nc01_ark+=13960=t4rj5jn27.json,nc01.ark:/13960/t4rj5jn27,Porter Eleanor H.,Pollyanna,1913,newengland,1,5203384
nc01_ark+=13960=t52f7r51r.json,nc01.ark:/13960/t52f7r51r,Baily Waldron,Heart Of The Blue Ridge,1915,south,1,5721476
nc01_ark+=13960=t5m919t6m.json,nc01.ark:/13960/t5m919t6m,Stuart Ruth Mcenery,In Simpkinsville; Character Tales,1897,south,1,1425818
nc01_ark+=13960=t6058k331.json,nc01.ark:/13960/t6058k331,Alger Horatio,Ragged Dick Or Street Life In New York With The Boot-Blacks,1868,newengland,1,8716828
nc01_ark+=13960=t8md02q6v.json,nc01.ark:/13960/t8md02q6v,Stratton-Porter Gene,A Girl Of The Limberlost,1909,midwest,1,3947472
njp_32101013092984.json,njp.32101013092984,Wharton Edith,The Reef: A Novel,1912,northeast,1,7025306
njp_32101017961010.json,njp.32101017961010,Cooper James Fenimore,The Red Rover: A Tale,1829,northeast,1,7129250
njp_32101037603931.json,njp.32101037603931,Dale Alan,A Marriage Below Zero: A Novel,1889,northeast,1,8936279
njp_32101042738177.json,njp.32101042738177,Harris Corra,A Circuit Rider'S Wife,1910,south,1,1814894
njp_32101062530017.json,njp.32101062530017,Underwood Francis Henry,Cloud-Pictures. 1. The Exile Of Von Adelstein'S Soul. 2. Topankalon. 3. Herr Regenbogen'S Concert. 4. A Great-Organ Prelude,1872,newengland,1,1621257
njp_32101064071259.json,njp.32101064071259,Rowson,Charlotte Temple A Tale Of Truth,1824,newengland,1,10340009
njp_32101064071267.json,njp.32101064071267,Rowson Mrs. Susanna Haswell,Lucy Temple: One Of The Three Orphans.  A Sequel To Charlotte Temple,1854,newengland,1,631220
njp_32101066123066.json,njp.32101066123066,Hawes Charles Boardman,The Great Quest; A Romance Of 1826 Wherein Are Recorded The Experiences Of Josiah Woods Of Topham And Of Those Others With Whom He Sailed For Cuba And The Gulf Of Guinea,1921,newengland,1,977342
njp_32101066385319.json,njp.32101066385319,Tarkington Booth,Penrod,1914,midwest,1,42635499
njp_32101068150208.json,njp.32101068150208,Twain Mark,A Double Barrelled Detective Story,1902,midwest,1,777071404
njp_32101068175114.json,njp.32101068175114,Butt Martha Haines,Anti Fanaticism: A Tale Of The South,1853,south,1,2038091
njp_32101068596566.json,njp.32101068596566,Cooper James Fenimore,The Oak Openings; Or The Bee-Hunter ...,1848,northeast,1,43325104
njp_32101076477320.json,njp.32101076477320,Warner Susan,The Wide Wide World,1851,northeast,1,42635564
nyp_33433071394625.json,nyp.33433071394625,Page Thomas Nelson,In Ole Virginia; Or Marse Chan And Other Stories,1887,south,1,3190619
nyp_33433074800867.json,nyp.33433074800867,Bangs John Kendrick,The Pursuit Of The House-Boat; Being Some Further Account Of The Divers Doings Of The Associated Shades Under The Leadership Of Sherlock Holmes Esq.;,1897,northeast,1,832823
nyp_33433074811088.json,nyp.33433074811088,Cary Alice,Clovernook; Or Recollections Of Our Neighborhood In The West,1852,midwest,1,4682422
nyp_33433074812219.json,nyp.33433074812219,Churchill Winston,Mr. Crewe'S Career,1908,newengland,9,3896404
nyp_33433074826284.json,nyp.33433074826284,Mitchell Donald Grant,Reveries Of A Bachelor; Or A Book Of The Heart,1850,newengland,1,11904678
nyp_33433074842422.json,nyp.33433074842422,Twain Mark,A Horse'S Tale,1906,midwest,1,272628
nyp_33433074851886.json,nyp.33433074851886,Dreiser Theodore,The Titan,1914,midwest,9,
nyp_33433074942743.json,nyp.33433074942743,Cooper James Fenimore,Mercedes Of Castile: Or The Voyage To Cathay,1840,northeast,1,1544718
nyp_33433074944343.json,nyp.33433074944343,Cowdin V. G.,Ellen; Or The Fanatic'S Daughter,1860,south,1,10471955
nyp_33433074972435.json,nyp.33433074972435,Lewis Sinclair,Babbitt,1922,midwest,1,11111004
nyp_33433075912992.json,nyp.33433075912992,Smith W. L. G.,"Life At The South: Or ""Uncle Tom'S Cabin"" As It Is. Being Narratives Scenes And Incidents In The Real ""Life Of The Lowly.""",1852,south,1,
nyp_33433076022593.json,nyp.33433076022593,Baum L. Frank,Daughters Of Destiny,1906,northeast,1,6578517
nyp_33433076023476.json,nyp.33433076023476,Hooper Johnson Jones,"Adventures Of Captain Simon Suggs: Late Of The Tallapoosa Volunteers: Together With ""Taking The Census"" And Other Alabama Sketches",1846,south,1,3793450
nyp_33433076025463.json,nyp.33433076025463,Mcknight Charles,Old Fort Duquesne: Or Captain Jack The Scout. An Historical Novel With Copious Notes,1873,northeast,1,1335923
nyp_33433076040009.json,nyp.33433076040009,Simms William Gilmore,The Yemassee. A Romance Of Carolina,1835,south,1,12354503
nyp_33433076053762.json,nyp.33433076053762,Rinehart Mary Roberts,The Case Of Jennie Brice,1913,northeast,1,3656581
nyp_33433076069966.json,nyp.33433076069966,Baum L. Frank,The Last Egyptian; A Romance Of The Nile,1908,northeast,1,5858659
nyp_33433076070162.json,nyp.33433076070162,Landis Simon M.,The Social War Of The Year 1900; Or The Conspirators And Lovers,1872,northeast,1,33099080
nyp_33433076072911.json,nyp.33433076072911,Warner Susan,The Wide Wide World,1852,northeast,1,37148042
nyp_33433076086440.json,nyp.33433076086440,Stowe Harriet Beecher,Uncle Tom'S Cabin; Or Life Among The Lowly,1852,newengland,1,
nyp_33433076087844.json,nyp.33433076087844,Hawthorne Nathaniel,The Blithedale Romance,1852,newengland,1,274739
nyp_33433078767757.json,nyp.33433078767757,Pyle Howard,The Merry Adventures Of Robin Hood Of Great Renown In Nottinghamshire,1883,south,1,34202475
nyp_33433082003124.json,nyp.33433082003124,Cooper James Fenimore,The Wing-And-Wing Or Le Feu-Follet: A Tale,1851,northeast,1,27163389
nyp_33433082003140.json,nyp.33433082003140,Cooper James Fenimore,The Water Witch; Or The Skimmer Of The Seas. A Tale,1835,northeast,1,37132210
nyp_33433082175997.json,nyp.33433082175997,Abbott Belle Kendrick,Leah Mordecai. A Novel,1875,south,1,5869151
nyp_33433082271440.json,nyp.33433082271440,Woolsey Sarah Chauncey,What Katy Did Next ...,1889,newengland,1,37109593
nyp_33433082523873.json,nyp.33433082523873,Alcott Louisa May,An Old-Fashioned Girl,1870,newengland,1,639586
nyp_33433082529797.json,nyp.33433082529797,Alcott Louisa May,Jack And Jill: A Village Story,1887,newengland,1,3654064
nyp_33433111627042.json,nyp.33433111627042,Cooper James Fenimore,The Chainbearer Or The Littlepage Manuscripts,1845,northeast,1,10085099
nyp_33433112012137.json,nyp.33433112012137,Sedgwick Catharine Maria,Hope Leslie Or Early Times In The Massachusetts,1827,newengland,1,7549469
osu_32435000222471.json,osu.32435000222471,Wodehouse P. G.,A Damsel In Distress,1919,northeast,9,1506562
osu_32435003489994.json,osu.32435003489994,Dixon Thomas,The One Woman A Story Of Modern Utopia,1903,south,1,39708064
osu_32435009443342.json,osu.32435009443342,Howells William Dean,A Modern Instance A Novel,1881,midwest,9,1020862
osu_32435010388452.json,osu.32435010388452,Douglas Amanda M.,A Little Girl In Old Pittsburg,1909,northeast,1,22621447
osu_32435017627522.json,osu.32435017627522,Crane Stephen,The Monster,1898,northeast,9,11600152
osu_32435017663675.json,osu.32435017663675,Baum L. Frank,Tik-Tok Of Oz,1914,northeast,1,3787815
osu_32435017664061.json,osu.32435017664061,Bellamy Edward,Looking Backward 2000-1887,1888,newengland,1,5934716
osu_32435017676149.json,osu.32435017676149,Twain Mark,Tom Sawyer Abroad: Tom Sawyer Detective And Other Stories Etc. Etc,1896,midwest,1,293569
osu_32435017875469.json,osu.32435017875469,Crane Stephen,George'S Mother,1896,northeast,1,2004399
osu_32435017888835.json,osu.32435017888835,Hawthorne Nathaniel,The House Of The Seven Gables: A Romance,1861,newengland,1,28173891
osu_32435018030411.json,osu.32435018030411,Wharton Edith,Ethan Frome,1911,northeast,9,5378623
osu_32435018054957.json,osu.32435018054957,Hopkins Pauline E.,Contending Forces: A Romance Illustrative Of Negro Life North And South,1900,newengland,1,2843388
osu_32435018112219.json,osu.32435018112219,Cooper James Fenimore,The Sea Lions; Or The Lost Sealers,1849,northeast,1,1319785
osu_32435018120113.json,osu.32435018120113,Baum L. Frank,The Wonderful Wizard Of Oz,1900,northeast,9,4051769
osu_32435018214593.json,osu.32435018214593,Twain Mark,A Connecticut Yankee In King Arthur'S Court,1891,midwest,9,1072802
osu_32435018269597.json,osu.32435018269597,Rush Rebecca,Kelroy A Novel,1812,northeast,1,9114835
osu_32435018318394.json,osu.32435018318394,Aldrich Thomas Bailey,The Story Of A Bad Boy,1869,newengland,1,31479864
osu_32435018383836.json,osu.32435018383836,Baum L. Frank,The Flying Girl,1911,northeast,1,12060824
osu_32435018461947.json,osu.32435018461947,Wilson Harriet E.,Our Nig: Or Sketches From The Life Of A Free Black In A Two-Story White House North Showing That Slavery'S Shadows Fall Even There,1859,newengland,1,2589331
osu_32435020510137.json,osu.32435020510137,M'Henry James,The Wilderness; Or Braddock'S Times. A Tale Of The West . V2,1823,northeast,1,16718028
osu_32435030464960.json,osu.32435030464960,Cooper James Fenimore,Wyandotte Or The Hutted Knoll. A Tale. V1-2,1843,northeast,1,1538161
osu_32435052941069.json,osu.32435052941069,Cooper James Fenimore,The Two Admirals: A Tale,1843,northeast,1,11779795
osu_32435058049453.json,osu.32435058049453,Emerson Willis George,The Smoky God Or A Voyage To The Inner World,1908,midwest,1,11452004
osu_32435058052432.json,osu.32435058052432,Porter Eleanor H.,Just David,1916,newengland,1,2302069
osu_32435071112965.json,osu.32435071112965,Baum L. Frank,The Emerald City Of Oz,1910,northeast,1,812495
osu_32435074063660.json,osu.32435074063660,London Jack,The Abysmal Brute,1913,west,1,13111091
osu_32435076151422.json,osu.32435076151422,Hale Edward Everett,The Brick Moon And Other Stories,1899,newengland,1,6119195
osu_32435076152289.json,osu.32435076152289,Melville Herman,White-Jacket; Or The World In The Man-Of-War,1860,northeast,1,41245275
osu_32435076156611.json,osu.32435076156611,Cooper James Fenimore,Lionel Lincoln; Or The Leaguer Of Boston,1825,northeast,1,11742836
osu_32435076156801.json,osu.32435076156801,Cooper James Fenimore,The Spy: A Tale Of The Neutral Ground,1831,northeast,1,35178848
osu_32435076158518.json,osu.32435076158518,Cooper James Fenimore,The Prairie; A Tale .,1834,northeast,1,3496552
osu_32435076158567.json,osu.32435076158567,Cooper James Fenimore,Precaution: A Novel,1839,northeast,1,13534729
osu_32435078466430.json,osu.32435078466430,Tucker Beverley,The Partisan Leader: A Tale Of The Future,1856,south,1,42964402
osu_32435080580780.json,osu.32435080580780,Fitzgerald F. Scott,This Side Of Paradise,1920,northeast,1,3574514
osu_32435082247339.json,osu.32435082247339,Lippard George,The Quaker City Or The Monks Of Monk-Hall: A Romance Of Philadelphia Life Mystery And Crime,1845,northeast,1,3675216
pst_000000276474.json,pst.000000276474,London Jack,The Star Rover,1915,west,9,5087921
pst_000002020952.json,pst.000002020952,Train Arthur Cheney,The Man Who Rocked The Earth,1915,newengland,9,2081412
pst_000002037578.json,pst.000002037578,London Jack,The Call Of The Wild,1903,west,9,166544183
pst_000004752981.json,pst.000004752981,Porter Eleanor H.,Pollyanna Grows Up,1915,newengland,9,11655727
pst_000005981762.json,pst.000005981762,Wharton Edith,Summer,1917,northeast,9,316878132
pst_000006062620.json,pst.000006062620,Deming P.,Adirondack Stories,1880,northeast,9,1011329
pst_000006086329.json,pst.000006086329,Howells William Dean,Indian Summer,1886,midwest,9,11547179
pst_000006155315.json,pst.000006155315,Morley Christopher,Parnassus On Wheels,1917,northeast,9,5973978
pst_000006168827.json,pst.000006168827,Green Anna Katharine,The Leavenworth Case: A Lawyer'S Story,1878,northeast,1,790657
pst_000025153446.json,pst.000025153446,Richards Laura Elizabeth (Howe),Captain January,1892,newengland,9,7647176
pst_000028009924.json,pst.000028009924,Austin Mary Hunter,Isidro,1904,west,1,68567
uc1_$b105944.json,uc1.$b105944,Tarkington Booth,The Magnificent Ambersons,1918,midwest,1,14145073
uc1_$b244247.json,uc1.$b244247,Ferber Edna,Personality Plus; Some Experiences Of Emma Mcchesney And Her Son Jock,1914,midwest,1,988281
uc1_$b282572.json,uc1.$b282572,Brown Alice,By Oak And Thorn; A Record Of English Days:,1896,newengland,1,4031604
uc1_$b299742.json,uc1.$b299742,Cabell James Branch,The High Place: A Comedy Of Disenchantment,1923,south,9,2735298
uc1_$b299785.json,uc1.$b299785,Casparian Gregory,An Anglo-American Alliance; A Serio-Comic Romance And Forecast Of The Future,1906,northeast,1,9165651
uc1_$b312538.json,uc1.$b312538,Smedley Agnes,Daughter Of Earth,1935,midwest,1,1688955
uc1_$b323517.json,uc1.$b323517,Cabell James Branch,Domnei: A Comedy Of Woman-Worship,1920,south,1,6501460
uc1_$b399390.json,uc1.$b399390,Merritt Abraham,The Ship Of Ishtar,1924,northeast,5,213777617
uc1_$b807329.json,uc1.$b807329,Cooper James Fenimore,The Monikins,1835,northeast,1,27483762
uc1_31158002048287.json,uc1.31158002048287,Merritt Abraham,The Moon Pool,1919,northeast,1,2040520
uc1_31158004107131.json,uc1.31158004107131,Stowe Harriet Beecher,Dred: A Tale Of The Great Dismal Swamp,1856,newengland,1,5901064
uc1_31175007486486.json,uc1.31175007486486,Lardner Ring,You Know Me Al; A Busher'S Letters,1916,midwest,1,1191124
uc1_31175013937654.json,uc1.31175013937654,Churchill Winston,The Crisis,1901,newengland,1,4458457
uc1_31175013997435.json,uc1.31175013997435,Page Thomas Nelson,Red Rock; A Chronicle Of Reconstruction,1898,south,1,273417
uc1_31175035210668.json,uc1.31175035210668,Longfellow Henry Wadsworth,Hyperion A Romance,1839,newengland,1,1937789
uc1_31210001393923.json,uc1.31210001393923,London Jack,White Fang,1905,west,1,1750211
uc1_31822012363016.json,uc1.31822012363016,Baker Olaf,Shasta Of The Wolves,1919,west,1,1592968
uc1_31822016518573.json,uc1.31822016518573,Crane Stephen,Maggie A Child Of The Streets,1896,northeast,9,779951
uc1_31822021267919.json,uc1.31822021267919,Fitzgerald F. Scott,The Beautiful And Damned,1922,northeast,9,3401895
uc1_31822038205332.json,uc1.31822038205332,Brown William Hill,The Power Of Sympathy: Or The Triumph Of Nature Founded In Truth,1894,newengland,1,52424112
uc1_32106002076195.json,uc1.32106002076195,Major Charles,When Knighthood Was In Flower;,1898,midwest,1,10334673
uc1_32106002086806.json,uc1.32106002086806,Anderson Sherwood,Poor White: A Novel,1920,midwest,1,544607
uc1_32106005389298.json,uc1.32106005389298,London Jack,John Barleycorn. Illustrated,1913,west,9,254473082
uc1_32106013554032.json,uc1.32106013554032,Twain Mark,Pudd'Nhead Wilson A Tale,1894,midwest,9,2521367
uc1_a0000579839.json,uc1.a0000579839,Webster Jean,When Patty Went To College,1903,northeast,1,38723523
uc1_a0013854963.json,uc1.a0013854963,Cooke Rose Terry,The Deacon'S Week,1891,newengland,9,319968632
uc1_b3159692.json,uc1.b3159692,King Grace Elizabeth,New Orleans: The Place And The People,1895,south,9,
uc1_b3325427.json,uc1.b3325427,Deland Margaret Wade Campbell,The Rising Tide,1916,northeast,9,1001773
uc1_b3335465.json,uc1.b3335465,Wharton Edith,The Buccaneers,1938,northeast,1,418656
uc1_b3578444.json,uc1.b3578444,Garland Hamlin,A Member Of The Third House: A Dramatic Story,1892,midwest,1,3549064
uc1_b3688343.json,uc1.b3688343,Gallico Paul,The Snow Goose,1941,northeast,1,284978
uc1_b4087791.json,uc1.b4087791,Pyle Howard,The Story Of The Champions Of The Round Table Written And Illustrated,1905,south,1,2.16E+14
uc1_b4087933.json,uc1.b4087933,Hawes Charles Boardman,The Dark Frigate; Wherein Is Told The Story Of Philip Marsham Who Lived In The Time Of King Charles And Was Bred A Sailor But Came Home To England After Many Hazards By Sea And Land And Fought For The King At Newbury And Lost A Great Inheritance And Departed For Barbados In The Same Ship By Curious Chance In Which He Had Long Before Adventured With The Pirates,1923,newengland,1,2685833
uc1_b4091139.json,uc1.b4091139,Lewis Sinclair,The Innocents: A Story For Lovers,1917,midwest,1,2.17E+15
uc1_b4104443.json,uc1.b4104443,Cummins Maria S.,The Lamplighter,1854,newengland,1,2.18E+16
uc1_b4445430.json,uc1.b4445430,Ferber Edna,So Big,1924,midwest,2,2517983
uc1_b4503991.json,uc1.b4503991,Austin Mary Hunter,The Land Of Little Rain,1903,west,9,
uc1_l0081066383.json,uc1.l0081066383,Serviss Garrett Putnam,Edison'S Conquest Of Mars; With An Introd,1947,northeast,1,2494245
uc2_ark+=13960=fk06w9683k.json,uc2.ark:/13960/fk06w9683k,Dodd Anna Bowman,The Republic Of The Future: Or Socialism A Reality,1887,northeast,1,46463218
uc2_ark+=13960=fk1jh3d30d.json,uc2.ark:/13960/fk1jh3d30d,Tyler Royall,The Algerine Captive; Or The Life And Adventures Of Doctor Updike Underhill [Pseud.] Six Years A Prisoner Among The Algerines,1816,newengland,1,3462671
uc2_ark+=13960=fk1kh0f00h.json,uc2.ark:/13960/fk1kh0f00h,Cooper James Fenimore,The Last Of The Mohicans; A Narrative Of 1757 .,1834,northeast,1,33263019
uc2_ark+=13960=fk1ng4gr96.json,uc2.ark:/13960/fk1ng4gr96,Bangs John Kendrick,A House-Boat On The Styx; Being Some Account Of The Divers Doings Of The Associated Shades,1896,northeast,1,271266
uc2_ark+=13960=fk20c4sp7v.json,uc2.ark:/13960/fk20c4sp7v,Westcott Edward Noyes,David Harum: A Story Of American Life,1898,northeast,1,559648
uc2_ark+=13960=fk23b5wc8f.json,uc2.ark:/13960/fk23b5wc8f,Lindsay Vachel,The Golden Book Of Springfield,1920,midwest,1,288539
uc2_ark+=13960=fk29882q61.json,uc2.ark:/13960/fk29882q61,Freeman Mary Eleanor Wilkins,A Humble Romance And Other Stories,1887,newengland,1,273826
uc2_ark+=13960=fk3028pk84.json,uc2.ark:/13960/fk3028pk84,Garland Hamlin,A Daughter Of The Middle Border,1921,midwest,1,272043
uc2_ark+=13960=fk3416t547.json,uc2.ark:/13960/fk3416t547,Bellamy Edward,--Dr. Heidenhoff'S Process,1880,newengland,9,3888582
uc2_ark+=13960=fk3mw28j83.json,uc2.ark:/13960/fk3mw28j83,Lewis Sinclair,Free Air,1919,midwest,9,24179358
uc2_ark+=13960=fk5q81518x.json,uc2.ark:/13960/fk5q81518x,Deland Margaret Wade Campbell,The Iron Woman,1911,northeast,9,271600
uc2_ark+=13960=fk7rn30m6t.json,uc2.ark:/13960/fk7rn30m6t,Mitchell S. Weir,The Red City; A Novel Of The Second Administration Of President Washington,1908,northeast,1,879832
uc2_ark+=13960=t0000068b.json,uc2.ark:/13960/t0000068b,Eggleston Edward,Queer Stories For Boys And Girls,1884,midwest,1,16908689
uc2_ark+=13960=t02z14r3d.json,uc2.ark:/13960/t02z14r3d,Schindler Solomon,Young West; A Sequel To Edward Bellamy'S Celebrated Novel Looking Backward,1894,newengland,1,1877019
uc2_ark+=13960=t06w96g2r.json,uc2.ark:/13960/t06w96g2r,Howe E. W.,The Mystery Of The Locks,1885,midwest,1,3654594
uc2_ark+=13960=t0ht2gj4c.json,uc2.ark:/13960/t0ht2gj4c,Churchill Winston,Richard Carvel,1899,newengland,9,270936
uc2_ark+=13960=t0ks6k117.json,uc2.ark:/13960/t0ks6k117,Churchill Winston,The Crossing,1904,newengland,1,213756445
uc2_ark+=13960=t0ns0mc7c.json,uc2.ark:/13960/t0ns0mc7c,Pyle Howard,The Story Of Sir Launcelot And His Companions,1907,south,1,303073
uc2_ark+=13960=t0qr4ns31.json,uc2.ark:/13960/t0qr4ns31,Hutchings Emily Grant,Jap Herron; A Novel Written From The Ouija Board; With An Introduction The Coming Of Jap Herron,1917,midwest,1,4109231
uc2_ark+=13960=t0qr4nv3x.json,uc2.ark:/13960/t0qr4nv3x,London Jack,A Son Of The Sun,1913,west,9,9560916
uc2_ark+=13960=t0zp3wv0g.json,uc2.ark:/13960/t0zp3wv0g,Rice Alice Caldwell Hegan,Mrs. Wiggs Of The Cabbage Patch,1901,south,1,301653
uc2_ark+=13960=t10p0ww49.json,uc2.ark:/13960/t10p0ww49,Hawthorne Nathaniel,The Scarlet Letter: A Romance,1866,newengland,1,362799339
uc2_ark+=13960=t10p0x73q.json,uc2.ark:/13960/t10p0x73q,Cable George Washington,The Silent South Together With The Freedman'S Case In Equity And The Convict Lease System,1885,south,1,1471855
uc2_ark+=13960=t11n7zx9m.json,uc2.ark:/13960/t11n7zx9m,Fuller Henry Blake,The Cliff-Dwellers A Novel,1893,midwest,1,1240013
uc2_ark+=13960=t17m04t77.json,uc2.ark:/13960/t17m04t77,Cable George Washington,Old Creole Days,1879,south,1,625387
uc2_ark+=13960=t19k4928q.json,uc2.ark:/13960/t19k4928q,Dixon Thomas,The Foolish Virgin; A Romance Of Today,1915,south,9,4804128
uc2_ark+=13960=t1bk19479.json,uc2.ark:/13960/t1bk19479,Webster Jean,Just Patty,1911,northeast,9,2000457
uc2_ark+=13960=t1cj87t34.json,uc2.ark:/13960/t1cj87t34,Longfellow Henry Wadsworth,The Song Of Hiawatha,1855,newengland,1,929012
uc2_ark+=13960=t1dj5bp28.json,uc2.ark:/13960/t1dj5bp28,Dreiser Theodore,"The ""Genius""",1915,midwest,9,294159
uc2_ark+=13960=t1pg1jk92.json,uc2.ark:/13960/t1pg1jk92,Dixon Thomas,The Sins Of The Father: A Romance Of The South,1912,south,1,2831937
uc2_ark+=13960=t1pg1jp9d.json,uc2.ark:/13960/t1pg1jp9d,Carryl Charles E.,The Admiral'S Caravan,1909,northeast,1,2641340
uc2_ark+=13960=t1vd6qc77.json,uc2.ark:/13960/t1vd6qc77,Eggleston Edward,The Faith Doctor; A Story Of New York,1891,midwest,1,274771
uc2_ark+=13960=t20c4ss2f.json,uc2.ark:/13960/t20c4ss2f,Harris Joel Chandler,Free Joe And Other Georgian Sketches,1887,south,1,20498728
uc2_ark+=13960=t22b8vp36.json,uc2.ark:/13960/t22b8vp36,Melville Herman,Israel Potter: His Fifty Years Of Exile,1855,northeast,1,13065897
uc2_ark+=13960=t25b06m1c.json,uc2.ark:/13960/t25b06m1c,Seton Ernest Thompson,Bannertail: The Story Of A Graysquirrel,1922,northeast,1,248995
uc2_ark+=13960=t26970r57.json,uc2.ark:/13960/t26970r57,Baum L. Frank,John Dough And The Cherub. Illustrated,1906,northeast,1,1377799
uc2_ark+=13960=t29883n91.json,uc2.ark:/13960/t29883n91,Freeman Mary Eleanor Wilkins,Pembroke; A Novel,1894,newengland,1,1900142
uc2_ark+=13960=t2c825j0h.json,uc2.ark:/13960/t2c825j0h,Tarkington Booth,Monsieur Beaucaire,1900,midwest,1,275273
uc2_ark+=13960=t2c828j6n.json,uc2.ark:/13960/t2c828j6n,Rihani Ameen Fares,The Book Of Khalid,1911,northeast,1,6412012
uc2_ark+=13960=t2q52gg3v.json,uc2.ark:/13960/t2q52gg3v,Coolidge Susan,What Katy Did. A Story,1873,newengland,1,418216
uc2_ark+=13960=t2s46h987.json,uc2.ark:/13960/t2s46h987,Mccutcheon George Barr,Graustark,1916,midwest,1,1898311
uc2_ark+=13960=t2v40kj53.json,uc2.ark:/13960/t2v40kj53,Jewett Sarah Orne,The Country Of The Pointed Firs,1896,newengland,1,5693110
uc2_ark+=13960=t3319t77r.json,uc2.ark:/13960/t3319t77r,Stockton Frank Richard,The Adventures Of Captain Horn,1895,northeast,1,1583097
uc2_ark+=13960=t3513vn8c.json,uc2.ark:/13960/t3513vn8c,Dreiser Theodore,Jennie Gerhardt: A Novel,1911,midwest,1,3452093
uc2_ark+=13960=t3804zk57.json,uc2.ark:/13960/t3804zk57,Grant Robert,The Orchid: [A Novel],1905,newengland,1,3853315
uc2_ark+=13960=t3kw57w1s.json,uc2.ark:/13960/t3kw57w1s,Melville Herman,Omoo: A Narrative Of Adventures In The South Seas,1847,northeast,1,4988695
uc2_ark+=13960=t3st7xb3s.json,uc2.ark:/13960/t3st7xb3s,Baum L. Frank,The Road To Oz,1909,northeast,1,16691041
uc2_ark+=13960=t41r6ng7k.json,uc2.ark:/13960/t41r6ng7k,Melville Herman,Redburn: His First Voyage.  Being The Sailor-Boy Confessions And Reminiscences Of The Son-Of-A-Gentleman In The Merchant Service,1849,northeast,1,3268577
uc2_ark+=13960=t42r3q42p.json,uc2.ark:/13960/t42r3q42p,Thompson Maurice,Alice Of Old Vincennes,1900,midwest,1,42380311
uc2_ark+=13960=t45q4ss8w.json,uc2.ark:/13960/t45q4ss8w,Howells William Dean,The Flight Of Pony Baker; A Boy'S Town Story,1902,midwest,9,845932
uc2_ark+=13960=t46q1t25m.json,uc2.ark:/13960/t46q1t25m,Crawford F. Marion,A Roman Singer,1885,newengland,9,8828859
uc2_ark+=13960=t46q1tp3q.json,uc2.ark:/13960/t46q1tp3q,Davis Richard Harding,The Princess Aline,1895,northeast,1,271352
uc2_ark+=13960=t47p8tr4q.json,uc2.ark:/13960/t47p8tr4q,Smith J. Gregory,Seola,1878,newengland,1,3691437
uc2_ark+=13960=t4gm84b8g.json,uc2.ark:/13960/t4gm84b8g,Cobb Sylvanus,The Gun-Maker Of Moscow Or Vladimir The Monk,1890,newengland,1,7989332
uc2_ark+=13960=t4xg9gr62.json,uc2.ark:/13960/t4xg9gr62,Read Opie Percival,The Jucklins; A Novel,1896,south,1,12173624
uc2_ark+=13960=t51g0k27m.json,uc2.ark:/13960/t51g0k27m,Stuart Ruth Mcenery,A Golden Wedding And Other Tales,1893,south,1,730190
uc2_ark+=13960=t54f1nc40.json,uc2.ark:/13960/t54f1nc40,Terhune Albert Payson,Lad: A Dog,1919,northeast,1,234286
uc2_ark+=13960=t55d8pp04.json,uc2.ark:/13960/t55d8pp04,Stowe Harriet Beecher,The Minister'S Wooing,1859,newengland,1,2.67E+15
uc2_ark+=13960=t57d2tc41.json,uc2.ark:/13960/t57d2tc41,Lincoln Jeanie Thomas Gould,Marjorie'S Quest,1872,northeast,1,7678112
uc2_ark+=13960=t59c6sd79.json,uc2.ark:/13960/t59c6sd79,Crawford F. Marion,Saracinesca,1887,newengland,1,944099
uc2_ark+=13960=t5r78659h.json,uc2.ark:/13960/t5r78659h,Savage Richard,My Official Wife A Novel,1891,northeast,9,2216601
uc2_ark+=13960=t6251qd7m.json,uc2.ark:/13960/t6251qd7m,Smith J. Gregory,Atla: A Story Of The Lost Island,1886,newengland,1,8058441
uc2_ark+=13960=t6542km7m.json,uc2.ark:/13960/t6542km7m,Glasgow Ellen Anderson Gholson,Virginia,1913,south,1,1192791
uc2_ark+=13960=t6k06xf7c.json,uc2.ark:/13960/t6k06xf7c,St. John De Crèvecœur J. Hector,Letters From An American Farmer,1904,northeast,1,123194107
uc2_ark+=13960=t71v5cc8w.json,uc2.ark:/13960/t71v5cc8w,Pyle Howard,Otto Of The Silver Hand Written And Illustrated,1888,south,1,5268512
uc2_ark+=13960=t72v2cw1d.json,uc2.ark:/13960/t72v2cw1d,Churchill Winston,Coniston,1906,newengland,9,271149
uc2_ark+=13960=t73t9dx4b.json,uc2.ark:/13960/t73t9dx4b,Freeman Mary Eleanor Wilkins,A New England Nun And Other Stories,1891,newengland,1,5040269
uc2_ark+=13960=t79s1m928.json,uc2.ark:/13960/t79s1m928,Howells William Dean,The Rise Of Silas Lapham,1885,midwest,1,941329
uc2_ark+=13960=t7gq6sz2m.json,uc2.ark:/13960/t7gq6sz2m,Curwood James Oliver,Kazan,1914,midwest,1,2746310
uc2_ark+=13960=t7pn8xx18.json,uc2.ark:/13960/t7pn8xx18,Cable George Washington,The Grandissimes: A Story Of Creole Life,1880,south,1,943286
uc2_ark+=13960=t80k27t9m.json,uc2.ark:/13960/t80k27t9m,Cooper James Fenimore,Jack Tier: Or The Florida Reef,1856,northeast,1,43705054
uc2_ark+=13960=t80k2g393.json,uc2.ark:/13960/t80k2g393,Stoddard Elizabeth,The Morgesons,1862,newengland,1,5790371
uc2_ark+=13960=t83j3b29z.json,uc2.ark:/13960/t83j3b29z,Pyle Howard,The Story Of King Arthur And His Knights Written And Illustrated,1903,south,1,2669868
uc2_ark+=13960=t88g8g708.json,uc2.ark:/13960/t88g8g708,Micheaux Oscar,The Forged Note: A Romance Of The Darker Races,1915,midwest,1,2058028
uc2_ark+=13960=t89g5hm37.json,uc2.ark:/13960/t89g5hm37,Eggleston Edward,The Hoosier Schoolmaster: A Novel,1871,midwest,1,7973901
uc2_ark+=13960=t8cf9kp28.json,uc2.ark:/13960/t8cf9kp28,Cabell James Branch,Jurgen; A Comedy Of Justice,1919,south,1,944674
uc2_ark+=13960=t8jd4q97q.json,uc2.ark:/13960/t8jd4q97q,Henry O.,Cabbages And Kings,1918,south,9,16577176
uc2_ark+=13960=t8mc8tk7b.json,uc2.ark:/13960/t8mc8tk7b,Finn Francis James,Tom Playfair: Or Making A Start,1891,midwest,1,2350252
uc2_ark+=13960=t8qb9vs20.json,uc2.ark:/13960/t8qb9vs20,Major Charles,Dorothy Vernon Of Haddon Hall,1902,midwest,1,1160473
uc2_ark+=13960=t9086446n.json,uc2.ark:/13960/t9086446n,Harris Joel Chandler,Mingo And Other Sketches In Black And White,1884,south,1,11893401
uc2_ark+=13960=t96689g9k.json,uc2.ark:/13960/t96689g9k,Murfree Mary Noailles,The Prophet Of The Great Smoky Mountains,1886,south,1,21009633
uc2_ark+=13960=t9959df6w.json,uc2.ark:/13960/t9959df6w,Morley Christopher,The Haunted Bookshop,1919,northeast,1,1724792
uc2_ark+=13960=t9k35n34m.json,uc2.ark:/13960/t9k35n34m,Chopin Kate,A Night In Acadie,1897,midwest,1,2413641
uc2_ark+=13960=t9p26s33r.json,uc2.ark:/13960/t9p26s33r,Baum L. Frank,Aunt Jane'S Nieces,1906,northeast,1,2545776
uc2_ark+=13960=t9q23sg7s.json,uc2.ark:/13960/t9q23sg7s,Lewis Sinclair,Our Mr. Wrenn,1914,midwest,1,21254097
uc2_ark+=13960=t9r20sn6q.json,uc2.ark:/13960/t9r20sn6q,Emerson Ralph Waldo,Nature,1836,newengland,1,624952
uc2_ark+=13960=t9z030k35.json,uc2.ark:/13960/t9z030k35,Burnett Frances Hodgson,A Lady Of Quality: Being A Most Curious Hitherto Unknown History As Related,1896,northeast,1,7931938
uiug_30112002081575.json,uiug.30112002081575,Ballou Maturin Murray,Fanny Campbell The Female Pirate Captain,1846,newengland,1,
uiug_30112002566278.json,uiug.30112002566278,Curwood James Oliver,The River'S End,1919,midwest,1,5297563
uiug_30112003179055.json,uiug.30112003179055,Tarkington Booth,Penrod And Sam,1916,midwest,1,491149
uiug_30112003400519.json,uiug.30112003400519,Wodehouse P. G.,Jill The Reckless,1921,northeast,9,6017415
uiug_30112004564214.json,uiug.30112004564214,Baum L. Frank,Annabel: A Novel For Young Folks,1906,northeast,1,30880211
uiug_30112039815623.json,uiug.30112039815623,London Jack,The Sea-Wolf. With Illustrations,1904,west,1,169815
uiug_30112099870047.json,uiug.30112099870047,Wharton Edith,The House Of Mirth: With Ill,1905,northeast,1,631665022
uiug_30112109057239.json,uiug.30112109057239,March Harry Addison,"Pro Football Its ""Ups"" And ""Downs""; A Light-Hearted History Of The Post Graduate Game",1934,midwest,9,4849231
uiuo_ark+=13960=t6547gx0x.json,uiuo.ark:/13960/t6547gx0x,Holmes Oliver Wendell,Elsie Venner A Romance Of Destiny,1861,newengland,1,11077797
uiuo_ark+=13960=t6p05166j.json,uiuo.ark:/13960/t6p05166j,Cooper James Fenimore,Home As Found,1838,northeast,1,1424861
umn_31951000932628c.json,umn.31951000932628c,Otis James,The Boy Spies Of Philadelphia: The Story Of How The Young Spies Helped The Continental Army At Valley Forge,1897,newengland,1,23936839
umn_31951001630983f.json,umn.31951001630983f,Adams Henry,Esther: A Novel,1938,newengland,1,487995
umn_31951001631493r.json,umn.31951001631493r,Brown Charles Brockden,Ormond;,1857,northeast,1,3403413
umn_31951001994268y.json,umn.31951001994268y,Foster Hannah Webster,The Coquette Or The Life And Letters Of Eliza Wharton: A Novel Founded On Fact,1828,newengland,1,62619726
umn_31951002024367l.json,umn.31951002024367l,Janvier Thomas A.,In The Sargasso Sea: A Novel,1898,northeast,1,20359030
umn_31951002080049j.json,umn.31951002080049j,Page John W.,Uncle Robin: In His Cabin In Virginia And Tom Without One In Boston,1853,south,1,21911819
umn_31951002083086y.json,umn.31951002083086y,Wodehouse P. G.,Piccadilly Jim,1917,northeast,1,644880
umn_31951002101791s.json,umn.31951002101791s,Hall Baynard Rush,Frank Freeman'S Barber Shop: A Tale,1853,northeast,1,7231135
umn_31951002314608a.json,umn.31951002314608a,Melville Herman,The Confidence-Man: His Masquerade,1857,northeast,1,1862021
uva_x000078365.json,uva.x000078365,Wylie Philip,Gladiator [By] Philip Wylie,1930,northeast,2,3703960
uva_x000211129.json,uva.x000211129,Cahan Abraham,The Rise Of David Levinsky: A Novel,1951,northeast,9,4.73E+13
uva_x000362635.json,uva.x000362635,Grant Robert,Unleavened Bread A Novel,1900,newengland,1,477011537
uva_x000593755.json,uva.x000593755,Thompson Ruth Plumly,The Cowardly Lion Of Oz,1923,northeast,1,1665506
uva_x000835612.json,uva.x000835612,Baum L. Frank,The Patchwork Girl Of Oz,1913,northeast,9,1385384
uva_x000890006.json,uva.x000890006,Peterson Charles J.,The Cabin And Parlor;,1852,northeast,1,213516308
uva_x000961129.json,uva.x000961129,Adams Samuel Hopkins,Flaming Youth [By] Warner Fabian Pseud,1924,northeast,2,2452737
uva_x001007721.json,uva.x001007721,Whitman Walt,Franklin Evans; Or The Inebriate. A Tale Of The Times. With Introduction,1929,northeast,9,1335046
uva_x001084053.json,uva.x001084053,Hawthorne Nathaniel,Fanshawe And Other Pieces,1876,newengland,1,1836086
uva_x002014207.json,uva.x002014207,Pyle Howard,The Story Of The Grail And The Passing Of Arthur,1910,south,1,3319662
uva_x002015843.json,uva.x002015843,Murfree Mary Noailles,In The Tennessee Mountains;,1885,south,1,11123190
uva_x002059568.json,uva.x002059568,Reid Christian,The Land Of The Sky;,1876,south,1,1410636
uva_x004548149.json,uva.x004548149,Robertson Morgan,The Wreck Of The Titan: Or Futility,1929,northeast,9,21309854
uva_x030580544.json,uva.x030580544,London Jack,Before Adam,1906,west,1,6542652
wu_89002441343.json,wu.89002441343,Baum L. Frank,The Magic Of Oz,1919,northeast,1,7748894
wu_89005059373.json,wu.89005059373,Mccutcheon George Barr,The Day Of The Dog,1904,midwest,1,7793953
wu_89007333735.json,wu.89007333735,Burgess Thornton W.,The Adventures Of Danny Meadow Mouse,1919,newengland,1,19705996
wu_89075322529.json,wu.89075322529,Schmidt Sarah Lindsay,New Land A Novel For Boys And Girls,1933,midwest,1,4092380
wu_89098007586.json,wu.89098007586,Satterthwait Elisabeth Carpenter,A Son Of The Carolinas: A Story Of The Hurricane Upon The Sea Islands,1898,south,1,1927621
wu_89098013949.json,wu.89098013949,Burnett Frances Hodgson,Queen Silver-Bell,1906,northeast,1,13718601
wu_89098015142.json,wu.89098015142,Child Lydia Maria,Hobomok A Tale Of Early Times,1824,newengland,1,2915626
wu_89098878929.json,wu.89098878929,Austin Mary Hunter,The Flock,1906,west,1,21735574
wu_89098985658.json,wu.89098985658,Tarkington Booth,Gentle Julia,1922,midwest,1,12274502
wu_89099773699.json,wu.89099773699,Churchill Winston,A Far Country/,1915,newengland,9,17538811
wu_89099774077.json,wu.89099774077,Twain Mark,Tom Sawyer Detective: And Other Stories,1924,midwest,1,40343576
